{
  "Component.js.map": 1708854793024,
  "test/integration/opaTests.qunit.js": 1708848253282,
  "test/integration/pages/RisksList.js": 1708848253310,
  "test/integration/pages/RisksObjectPage.js": 1708848253378,
  "test/integration/FirstJourney.js": 1708848253390,
  "test/testsuite.qunit.js": 1708848253274,
  "xs-app.json": 1708854782443,
  "manifest.json": 1708853242755,
  "Component.js": 1708848253190,
  "test/integration/opaTests.qunit-dbg.js": 1708848253282,
  "test/integration/opaTests.qunit.js.map": 1708854793021,
  "test/integration/pages/RisksList-dbg.js": 1708848253310,
  "test/integration/pages/RisksList.js.map": 1708854793024,
  "test/integration/pages/RisksObjectPage-dbg.js": 1708848253378,
  "test/integration/pages/RisksObjectPage.js.map": 1708854793001,
  "test/integration/FirstJourney-dbg.js": 1708848253390,
  "test/integration/FirstJourney.js.map": 1708854793027,
  "test/testsuite.qunit-dbg.js": 1708848253274,
  "test/testsuite.qunit.js.map": 1708854793025,
  "Component-dbg.js": 1708848253190,
  "i18n/i18n.properties": 1708848334096,
  "Component-preload.js": 1708854793154,
  "Component-preload.js.map": 1708854793154,
  "test/integration/opaTests.qunit.html": 1708848253282,
  "test/testsuite.qunit.html": 1708848253262,
  "test/flpSandbox.html": 1708848253254,
  "index.html": 1708848253190
}